<metadata xml:lang="en"><Esri><CreaDate>20160810</CreaDate><CreaTime>14220300</CreaTime><SyncOnce>FALSE</SyncOnce><SyncDate>20220111</SyncDate><SyncTime>13460700</SyncTime><ModDate>20220111</ModDate><ModTime>13460700</ModTime><PublishStatus>Published</PublishStatus><DataProperties><lineage><Process ToolSource="c:\program files (x86)\arcgis\desktop10.0\ArcToolbox\Toolboxes\Data Management Tools.tbx\DeleteFeatures" Date="20130623" Time="162330" Name="" export="">DeleteFeatures X:\Support\GeoData_Update\Sde\sqgis03_gisData_dc_(dA)GISLOADER.sde\gisData.GISLOADER.GIS_Councils</Process><Process ToolSource="c:\program files (x86)\arcgis\desktop10.0\ArcToolbox\Toolboxes\Data Management Tools.tbx\Append" Date="20130623" Time="162539" Name="" export="">Append X:\Support\GeoData_Update\Updates\Gen\Gdb\councilUpdates.gdb\Council_stage X:\Support\GeoData_Update\Sde\sqgis03_gisData_dc_(dA)GISLOADER.sde\gisData.GISLOADER.GIS_Councils TEST # #</Process><Process ToolSource="C:\Program Files (x86)\ArcGIS\Desktop10.0\ArcToolbox\Toolboxes\Data Management Tools.tbx\DeleteFeatures" Date="20140530" Time="130535">DeleteFeatures \\fsgis00\Workplan\Support\GeoData_Update\Sde\sqgis03_gisData_dc_(dA)GISLOADER.sde\gisData.GISLOADER.GIS_Councils</Process><Process ToolSource="C:\Program Files (x86)\ArcGIS\Desktop10.0\ArcToolbox\Toolboxes\Data Management Tools.tbx\Append" Date="20140530" Time="130541">Append \\fsgis00\Workplan\FY20132014\Conflation\Gdb\CensusFdsTopology.gdb\GIS_Councils \\fsgis00\Workplan\Support\GeoData_Update\Sde\sqgis03_gisData_dc_(dA)GISLOADER.sde\gisData.GISLOADER.GIS_Councils TEST # #</Process><Process ToolSource="C:\Program Files (x86)\ArcGIS\Desktop10.0\ArcToolbox\Toolboxes\Data Management Tools.tbx\Analyze" Date="20140530" Time="130545">Analyze \\fsgis00\Workplan\Support\GeoData_Update\Sde\sqgis03_gisData_dc_(dA)GISLOADER.sde\gisData.GISLOADER.GIS_Councils BUSINESS;FEATURE;RASTER;ADDS;DELETES</Process><Process ToolSource="c:\program files (x86)\arcgis\desktop10.6\ArcToolbox\Toolboxes\Conversion Tools.tbx\FeatureClassToFeatureClass" Date="20190703" Time="152235">FeatureClassToFeatureClass N:\GIS_Data\Socio_economic\Councils.shp "C:\CityLimits\From N Drive.gdb\SocioEco" Councils # "OBJECTID "OBJECTID" true true false 9 Long 0 9 ,First,#,N:\GIS_Data\Socio_economic\Councils.shp,OBJECTID,-1,-1;COUNCIL "COUNCIL" true true false 9 Long 0 9 ,First,#,N:\GIS_Data\Socio_economic\Councils.shp,COUNCIL,-1,-1;DISTRICT "DISTRICT" true true false 15 Text 0 0 ,First,#,N:\GIS_Data\Socio_economic\Councils.shp,DISTRICT,-1,-1;COUNCILPER "COUNCILPER" true true false 25 Text 0 0 ,First,#,N:\GIS_Data\Socio_economic\Councils.shp,COUNCILPER,-1,-1;COMMENTS "COMMENTS" true true false 50 Text 0 0 ,First,#,N:\GIS_Data\Socio_economic\Councils.shp,COMMENTS,-1,-1;SHAPE_Leng "SHAPE_Leng" true true false 19 Double 0 0 ,First,#,N:\GIS_Data\Socio_economic\Councils.shp,SHAPE_Leng,-1,-1;SHAPE_Area "SHAPE_Area" true true false 19 Double 0 0 ,First,#,N:\GIS_Data\Socio_economic\Councils.shp,SHAPE_Area,-1,-1" #</Process><Process ToolSource="c:\program files (x86)\arcgis\desktop10.6\ArcToolbox\Toolboxes\Conversion Tools.tbx\FeatureClassToFeatureClass" Date="20190703" Time="170352">FeatureClassToFeatureClass "C:\CityLimits\From N Drive.gdb\SocioEco\Councils" "C:\CityLimits\ToGoTo N Drive.gdb" NewCouncils # "OBJECTID "OBJECTID" true true false 4 Long 0 0 ,First,#,C:\CityLimits\From N Drive.gdb\SocioEco\Councils,OBJECTID,-1,-1;COUNCIL "COUNCIL" true true false 4 Long 0 0 ,First,#,C:\CityLimits\From N Drive.gdb\SocioEco\Councils,COUNCIL,-1,-1;DISTRICT "DISTRICT" true true false 15 Text 0 0 ,First,#,C:\CityLimits\From N Drive.gdb\SocioEco\Councils,DISTRICT,-1,-1;COUNCILPER "COUNCILPER" true true false 25 Text 0 0 ,First,#,C:\CityLimits\From N Drive.gdb\SocioEco\Councils,COUNCILPER,-1,-1;COMMENTS "COMMENTS" true true false 50 Text 0 0 ,First,#,C:\CityLimits\From N Drive.gdb\SocioEco\Councils,COMMENTS,-1,-1;SHAPE_Leng "SHAPE_Leng" true true false 8 Double 0 0 ,First,#,C:\CityLimits\From N Drive.gdb\SocioEco\Councils,SHAPE_Leng,-1,-1;Shape_Length "Shape_Length" false true true 8 Double 0 0 ,First,#,C:\CityLimits\From N Drive.gdb\SocioEco\Councils,Shape_Length,-1,-1;Shape_Area "Shape_Area" false true true 8 Double 0 0 ,First,#,C:\CityLimits\From N Drive.gdb\SocioEco\Councils,Shape_Area,-1,-1" #</Process><Process ToolSource="c:\program files (x86)\arcgis\desktop10.6\ArcToolbox\Toolboxes\Data Management Tools.tbx\CalculateField" Date="20190814" Time="165136">CalculateField NewCouncils_USETHIS COMMENTS "" VB #</Process><Process ToolSource="c:\program files (x86)\arcgis\desktop10.6\ArcToolbox\Toolboxes\Conversion Tools.tbx\FeatureClassToFeatureClass" Date="20190815" Time="115433">FeatureClassToFeatureClass C:\CityLimits\EgisSla.gdb\Councils J:\EGIS\EgisSla.gdb Councils # "OBJECTID "OBJECTID" true true false 4 Long 0 0 ,First,#,C:\CityLimits\EgisSla.gdb\Councils,OBJECTID,-1,-1;COUNCIL "COUNCIL" true true false 4 Long 0 0 ,First,#,C:\CityLimits\EgisSla.gdb\Councils,COUNCIL,-1,-1;DISTRICT "DISTRICT" true true false 15 Text 0 0 ,First,#,C:\CityLimits\EgisSla.gdb\Councils,DISTRICT,-1,-1;COUNCILPER "COUNCILPER" true true false 25 Text 0 0 ,First,#,C:\CityLimits\EgisSla.gdb\Councils,COUNCILPER,-1,-1;COMMENTS "COMMENTS" true true false 50 Text 0 0 ,First,#,C:\CityLimits\EgisSla.gdb\Councils,COMMENTS,-1,-1;Shape_Length "Shape_Length" false true true 8 Double 0 0 ,First,#,C:\CityLimits\EgisSla.gdb\Councils,Shape_Length,-1,-1;Shape_Area "Shape_Area" false true true 8 Double 0 0 ,First,#,C:\CityLimits\EgisSla.gdb\Councils,Shape_Area,-1,-1" #</Process><Process ToolSource="c:\program files\arcgis\pro\Resources\ArcToolbox\toolboxes\Data Management Tools.tbx\CopyFeatures" Date="20220111" Time="134607">CopyFeatures \\apgis08\Scripts\Sde\Sqgis05\gisProd\sqgis05_gisprod_gisviewer.sde\gisProd.SDE.AreaData\gisProd.SDE.Councils \\apgis08\scripts\shp\Admin\Councils.shp # 0 0 0</Process></lineage><itemProps><itemLocation><linkage Sync="TRUE">file://\\apgis08\scripts\shp\Admin\Councils.shp</linkage><protocol Sync="TRUE">Local Area Network</protocol></itemLocation><itemName Sync="TRUE">Councils</itemName><nativeExtBox><westBL Sync="TRUE">2430145.721115</westBL><eastBL Sync="TRUE">2592859.125674</eastBL><southBL Sync="TRUE">6909399.421034</southBL><northBL Sync="TRUE">7061339.448518</northBL><exTypeCode Sync="TRUE">1</exTypeCode></nativeExtBox><imsContentType Sync="TRUE">002</imsContentType><itemSize Sync="TRUE">0.000</itemSize></itemProps><coordRef><type Sync="TRUE">Projected</type><geogcsn Sync="TRUE">GCS_North_American_1983</geogcsn><projcsn Sync="TRUE">NAD_1983_StatePlane_Texas_North_Central_FIPS_4202_Feet</projcsn><peXml Sync="TRUE">&lt;ProjectedCoordinateSystem xsi:type='typens:ProjectedCoordinateSystem' xmlns:xsi='http://www.w3.org/2001/XMLSchema-instance' xmlns:xs='http://www.w3.org/2001/XMLSchema' xmlns:typens='http://www.esri.com/schemas/ArcGIS/2.6.0'&gt;&lt;WKT&gt;PROJCS[&amp;quot;NAD_1983_StatePlane_Texas_North_Central_FIPS_4202_Feet&amp;quot;,GEOGCS[&amp;quot;GCS_North_American_1983&amp;quot;,DATUM[&amp;quot;D_North_American_1983&amp;quot;,SPHEROID[&amp;quot;GRS_1980&amp;quot;,6378137.0,298.257222101]],PRIMEM[&amp;quot;Greenwich&amp;quot;,0.0],UNIT[&amp;quot;Degree&amp;quot;,0.0174532925199433]],PROJECTION[&amp;quot;Lambert_Conformal_Conic&amp;quot;],PARAMETER[&amp;quot;False_Easting&amp;quot;,1968500.0],PARAMETER[&amp;quot;False_Northing&amp;quot;,6561666.666666666],PARAMETER[&amp;quot;Central_Meridian&amp;quot;,-98.5],PARAMETER[&amp;quot;Standard_Parallel_1&amp;quot;,32.13333333333333],PARAMETER[&amp;quot;Standard_Parallel_2&amp;quot;,33.96666666666667],PARAMETER[&amp;quot;Latitude_Of_Origin&amp;quot;,31.66666666666667],UNIT[&amp;quot;Foot_US&amp;quot;,0.3048006096012192],AUTHORITY[&amp;quot;EPSG&amp;quot;,2276]]&lt;/WKT&gt;&lt;XOrigin&gt;-123407700&lt;/XOrigin&gt;&lt;YOrigin&gt;-86123500&lt;/YOrigin&gt;&lt;XYScale&gt;35920690.11000888&lt;/XYScale&gt;&lt;ZOrigin&gt;-100000&lt;/ZOrigin&gt;&lt;ZScale&gt;10000&lt;/ZScale&gt;&lt;MOrigin&gt;-100000&lt;/MOrigin&gt;&lt;MScale&gt;10000&lt;/MScale&gt;&lt;XYTolerance&gt;0.0032808333333333331&lt;/XYTolerance&gt;&lt;ZTolerance&gt;0.001&lt;/ZTolerance&gt;&lt;MTolerance&gt;0.001&lt;/MTolerance&gt;&lt;HighPrecision&gt;true&lt;/HighPrecision&gt;&lt;WKID&gt;102738&lt;/WKID&gt;&lt;LatestWKID&gt;2276&lt;/LatestWKID&gt;&lt;/ProjectedCoordinateSystem&gt;</peXml><csUnits Sync="TRUE">Linear Unit: Foot_US (0.304801)</csUnits></coordRef></DataProperties><ArcGISFormat>1.0</ArcGISFormat><ArcGISProfile>FGDC</ArcGISProfile><ArcGISstyle>ISO 19139 Metadata Implementation Specification GML3.2</ArcGISstyle></Esri><mdChar><CharSetCd value="004"/></mdChar><mdContact><rpIndName>Lindsay Kramer</rpIndName><rpOrgName>City of Dallas</rpOrgName><rpPosName>Demographer</rpPosName><role><RoleCd value="007"/></role></mdContact><dataIdInfo><idPurp>City of Dallas Adopted Council Districts (10/05/11) based on 2010 US Census Block boundaries (Dallas Resolution: 11-2706)</idPurp><idAbs>&lt;DIV STYLE="text-align:Left;"&gt;&lt;DIV&gt;&lt;DIV&gt;&lt;P&gt;&lt;SPAN&gt;As required by Dallas City Charter, redistricting of elected official districts is requred every ten years based on updated Census information. This shapefile represents the updated city council district boundaries as approved by the Dallas City Council on October 5, 2011. Boundaries are based upon 2010 Census Block geography and may not conform with other data. Where street boundaries serve as district borders, the entire right of way is assigned to the northern or eastern boundary.&lt;/SPAN&gt;&lt;/P&gt;&lt;P&gt;&lt;SPAN&gt;Utilizing this file with non-census shapefiles may result in discrepancies between boundaries. To identify appropriate boundaries, please use in conjunction with the 2010 Census edges and block files.&lt;/SPAN&gt;&lt;/P&gt;&lt;/DIV&gt;&lt;/DIV&gt;&lt;/DIV&gt;</idAbs><idCredit>City of Dallas, 2011 Redistricting Project Office

For more information contact:
Lindsay Kramer, Redistricting Project Demographer
1500 Marilla
L1AN, Suite A
Dallas, TX 75201
214-670-5735
lindsay.kramer@dallascityhall.com</idCredit><idCitation><resTitle Sync="FALSE">Dallas City Council Districts</resTitle><resAltTitle>Council Districts</resAltTitle><citRespParty><rpIndName>Lindsay Kramer</rpIndName><rpOrgName>City of Dallas</rpOrgName><rpPosName>Demographer</rpPosName><role><RoleCd value="007"/></role></citRespParty><presForm><PresFormCd value="005" Sync="TRUE"/></presForm></idCitation><searchKeys><keyword>council</keyword><keyword>districts</keyword><keyword>council districts</keyword><keyword>Dallas</keyword><keyword>redistricting</keyword></searchKeys><resConst><Consts><useLimit>&lt;DIV STYLE="text-align:Left;"&gt;&lt;DIV&gt;&lt;DIV&gt;&lt;P&gt;&lt;SPAN&gt;This data is to be used for graphical representation only. The accuracy is not to be taken/used as data produced by a Registered Professional Land Surveyor (RPLS) for the State of Texas. ‘This product is for informational purposes and may not have been prepared for or be suitable for legal, engineering, or surveying purposes. It does not represent an on-the-ground survey and represents only the approximate relative location of property boundaries.’ (State of Texas: H.B. 1147)&lt;/SPAN&gt;&lt;/P&gt;&lt;/DIV&gt;&lt;/DIV&gt;&lt;/DIV&gt;</useLimit></Consts></resConst><placeKeys><keyword>Dallas, Texas, City of Dallas</keyword></placeKeys><tempKeys><keyword>2013</keyword></tempKeys><dataChar><CharSetCd value="004"/></dataChar><suppInfo>This product is for informational purposes and may not have been prepared for or be suitable for legal, engineering, or surveying purposes. It does not represent an on-the-ground survey and represents only the approximate relative location of property boundaries.  (State of Texas: H.B. 1147)</suppInfo><idStatus><ProgCd value="004"/></idStatus><idPoC><rpIndName>Lindsay Kramer</rpIndName><rpOrgName>City of Dallas</rpOrgName><rpPosName>Demographer</rpPosName><role><RoleCd value="007"/></role></idPoC><resMaint><maintFreq><MaintFreqCd value="009"/></maintFreq></resMaint><resConst><LegConsts><accessConsts><RestrictCd value="008"/></accessConsts><useConsts><RestrictCd value="008"/></useConsts><othConsts>This product is for informational purposes and may not have been prepared for or be suitable for legal, engineering, or surveying purposes. It does not represent an on-the-ground survey and represents only the approximate relative location of property boundaries.  (State of Texas: H.B. 1147)</othConsts></LegConsts></resConst><envirDesc Sync="TRUE">Microsoft Windows Server 2012 R2 Version 6.3 (Build 9600) ; Esri ArcGIS 12.6.2.24783</envirDesc><dataLang><languageCode value="eng" Sync="TRUE"/><countryCode value="USA" Sync="TRUE"/></dataLang><spatRpType><SpatRepTypCd value="001" Sync="TRUE"/></spatRpType><dataExt><geoEle><GeoBndBox esriExtentType="search"><exTypeCode Sync="TRUE">1</exTypeCode><westBL Sync="TRUE">-97.000633</westBL><eastBL Sync="TRUE">-96.462707</eastBL><northBL Sync="TRUE">33.031011</northBL><southBL Sync="TRUE">32.605905</southBL></GeoBndBox></geoEle></dataExt><tpCat><TopicCatCd value="003"/></tpCat></dataIdInfo><mdMaint><maintFreq><MaintFreqCd value="009"/></maintFreq><maintCont><rpIndName>Michael Miller</rpIndName><rpOrgName>City of Dallas</rpOrgName><rpPosName>GIS Technical Manager</rpPosName><role><RoleCd value="007"/></role></maintCont><maintNote>Boundaries are defined by 2010 Census Tabulation Blocks. Spatial editing of block boundaries to conflate with City of Dallas Base Map data will be ongoing to improve the spatial accuracy of the data.</maintNote></mdMaint><mdConst><Consts><useLimit>&lt;DIV STYLE="text-align:Left;"&gt;&lt;DIV&gt;&lt;DIV&gt;&lt;P&gt;&lt;SPAN&gt;This product is for informational purposes and may not have been prepared for or be suitable for legal, engineering, or surveying purposes. It does not represent an on-the-ground survey and represents only the approximate relative location of property boundaries. (State of Texas: H.B. 1147)&lt;/SPAN&gt;&lt;/P&gt;&lt;/DIV&gt;&lt;/DIV&gt;&lt;/DIV&gt;</useLimit></Consts></mdConst><mdConst><LegConsts><accessConsts><RestrictCd value="008"/></accessConsts><useConsts><RestrictCd value="008"/></useConsts><othConsts>This product is for informational purposes and may not have been prepared for or be suitable for legal, engineering, or surveying purposes. It does not represent an on-the-ground survey and represents only the approximate relative location of property boundaries.  (State of Texas: H.B. 1147)</othConsts></LegConsts></mdConst><dqInfo><dataLineage><statement>This data set was developed frm 2010 US Census Bureau Tabulation Blocks.</statement><dataSource><srcDesc>City of Dallas Redistricting 2011</srcDesc></dataSource></dataLineage></dqInfo><eainfo><detailed Name="Councils"><enttyp><enttypl Sync="TRUE">Councils</enttypl><enttypt Sync="TRUE">Feature Class</enttypt><enttypc Sync="TRUE">0</enttypc></enttyp><attr><attrlabl Sync="TRUE">FID</attrlabl><attalias Sync="TRUE">FID</attalias><attrtype Sync="TRUE">OID</attrtype><attwidth Sync="TRUE">4</attwidth><atprecis Sync="TRUE">0</atprecis><attscale Sync="TRUE">0</attscale><attrdef Sync="TRUE">Internal feature number.</attrdef><attrdefs Sync="TRUE">Esri</attrdefs><attrdomv><udom Sync="TRUE">Sequential unique whole numbers that are automatically generated.</udom></attrdomv></attr><attr><attrlabl Sync="TRUE">District</attrlabl><attalias Sync="TRUE">DISTRICT</attalias><attrtype Sync="TRUE">String</attrtype><attwidth Sync="TRUE">15</attwidth><atprecis Sync="TRUE">0</atprecis><attscale Sync="TRUE">0</attscale><attrdef>Council District Designation.</attrdef><attrdefs>Redistricting 2011</attrdefs></attr><attr><attrlabl Sync="TRUE">COUNCIL</attrlabl><attalias Sync="TRUE">COUNCIL</attalias><attrtype Sync="TRUE">Integer</attrtype><attwidth Sync="TRUE">10</attwidth><atprecis Sync="TRUE">10</atprecis><attscale Sync="TRUE">0</attscale><attrdef>Council District designation as a number</attrdef><attrdefs>Redistricting 2011</attrdefs></attr><attr><attrlabl Sync="TRUE">Shape</attrlabl><attalias Sync="TRUE">Shape</attalias><attrtype Sync="TRUE">Geometry</attrtype><attwidth Sync="TRUE">0</attwidth><atprecis Sync="TRUE">0</atprecis><attscale Sync="TRUE">0</attscale><attrdef Sync="TRUE">Feature geometry.</attrdef><attrdefs Sync="TRUE">ESRI</attrdefs><attrdomv><udom Sync="TRUE">Coordinates defining the features.</udom></attrdomv></attr><attr><attrlabl Sync="TRUE">COUNCILPER</attrlabl><attalias Sync="TRUE">COUNCILPER</attalias><attrtype Sync="TRUE">String</attrtype><attwidth Sync="TRUE">25</attwidth><atprecis Sync="TRUE">0</atprecis><attscale Sync="TRUE">0</attscale><attrdef>Name of Council Person representing the District</attrdef><attrdefs>Elections 2013</attrdefs></attr><attr><attrlabl Sync="TRUE">COMMENTS</attrlabl><attalias Sync="TRUE">COMMENTS</attalias><attrtype Sync="TRUE">String</attrtype><attwidth Sync="TRUE">50</attwidth><atprecis Sync="TRUE">0</atprecis><attscale Sync="TRUE">0</attscale><attrdef>Any comments needed to explain other attributes</attrdef></attr><attr><attrlabl Sync="TRUE">SHAPE_STAr</attrlabl><attalias Sync="TRUE">SHAPE_STAr</attalias><attrtype Sync="TRUE">Double</attrtype><attwidth Sync="TRUE">19</attwidth><atprecis Sync="TRUE">0</atprecis><attscale Sync="TRUE">0</attscale></attr><attr><attrlabl Sync="TRUE">SHAPE_STLe</attrlabl><attalias Sync="TRUE">SHAPE_STLe</attalias><attrtype Sync="TRUE">Double</attrtype><attwidth Sync="TRUE">19</attwidth><atprecis Sync="TRUE">0</atprecis><attscale Sync="TRUE">0</attscale></attr></detailed></eainfo><mdLang><languageCode value="eng" Sync="TRUE"/><countryCode value="USA" Sync="TRUE"/></mdLang><distInfo><distFormat><formatName Sync="TRUE">Shapefile</formatName></distFormat><distTranOps><transSize Sync="TRUE">0.000</transSize></distTranOps></distInfo><mdHrLv><ScopeCd value="005" Sync="TRUE"/></mdHrLv><mdHrLvName Sync="TRUE">dataset</mdHrLvName><refSysInfo><RefSystem><refSysID><identCode code="2276" Sync="TRUE" value="2276"/><idCodeSpace Sync="TRUE">EPSG</idCodeSpace><idVersion Sync="TRUE">5.3(9.0.0)</idVersion></refSysID></RefSystem></refSysInfo><spatRepInfo><VectSpatRep><geometObjs Name="Councils"><geoObjTyp><GeoObjTypCd value="002" Sync="TRUE"></GeoObjTypCd></geoObjTyp><geoObjCnt Sync="TRUE">0</geoObjCnt></geometObjs><topLvl><TopoLevCd value="001" Sync="TRUE"></TopoLevCd></topLvl></VectSpatRep></spatRepInfo><spdoinfo><ptvctinf><esriterm Name="Councils"><efeatyp Sync="TRUE">Simple</efeatyp><efeageom code="4" Sync="TRUE"></efeageom><esritopo Sync="TRUE">FALSE</esritopo><efeacnt Sync="TRUE">0</efeacnt><spindex Sync="TRUE">FALSE</spindex><linrefer Sync="TRUE">FALSE</linrefer></esriterm></ptvctinf></spdoinfo><mdDateSt Sync="TRUE">20220111</mdDateSt></metadata>
